Year,2000,2006,2006,2007,2007,2008,2008,2009,2009,2010,2010,2011,2011,2012,2012,2013,2013,2014,2014,2015,2015,2016,2016
Region/Subregion or Country of Birth,Estimate,Estimate,Margin of Error,Estimate,Margin of Error,Estimate,Margin of Error,Estimate,Margin of Error,Estimate,Margin of Error,Estimate,Margin of Error,Estimate,Margin of Error,Estimate,Margin of Error,Estimate,Margin of Error,Estimate,Margin of Error,Estimate,Margin of Error
Total," 31,107,889 "," 37,547,315 "," +/-125,604 "," 38,059,555 "," +/-119,486 "," 37,960,773 "," +/-122,987 "," 38,517,104 "," +/-115,704 "," 39,955,673 "," +/-115,146 "," 40,377,757 "," +/-125,117 "," 40,824,553 "," +/-111,624 ","41,347,945"," +/-129,157 ","42,390,705","  +/-130,028 ","43,289,646","+/-122,375","43,738,901","+/-129,852"
Europe," 4,915,557 "," 4,993,135 "," +/-48,762 "," 4,990,294 "," +/-45,508 "," 4,969,090 "," +/-42,281 "," 4,887,221 "," +/-50,207 "," 4,817,437 "," +/-43,994 "," 4,889,987 "," +/-50,419 "," 4,809,392 "," +/-38,353 ","4,803,059"," +/-42,857 ","4,764,822","  +/-45,299 ","4,789,662","+/-38,942","4,785,267","+/-36,512"
Northern Europe," 974,619 "," 953,460 "," +/-16,118 "," 939,589 "," +/-15,352 "," 951,374 "," +/-16,595 "," 937,715 "," +/-18,644 "," 923,564 "," +/-15,720 "," 946,984 "," +/-18,125 "," 929,873 "," +/-17,115 ","952,872"," +/-19,199 ","930,580","  +/-18,090 ","928,644","+/-16,770","950,872","+/-19,323"
United Kingdom (inc. Crown Dependencies)," 677,751 "," 691,300 "," +/-12,947 "," 681,285 "," +/-13,333 "," 687,637 "," +/-14,393 "," 694,597 "," +/-15,571 "," 669,794 "," +/-13,058 "," 684,573 "," +/-16,282 "," 679,483 "," +/-14,915 ","695,489"," +/-14,543 ","679,112","  +/-16,679 ","683,473","+/-13,753","696,896","+/-15,979"
Ireland," 156,474 "," 133,433 "," +/-6,810 "," 135,722 "," +/-6,782 "," 134,897 "," +/-6,489 "," 121,982 "," +/-6,263 "," 124,457 "," +/-6,395 "," 132,540 "," +/-7,481 "," 132,277 "," +/-6,008 "," 128,350 "," +/-5,831 ","125,022","  +/-5,318 ","120,144","+/-6,262","125,840","+/-6,344"
Denmark," 30,126 ", - ,, - ,, - ,," 32,966 "," +/-4,456 "," 29,441 "," +/-2,662 "," 32,171 "," +/-5,084 "," 26,360 "," +/-2,794 "," 28,521 "," +/-3,259 ","26,920","  +/-2,607 ","29,039","+/-2,609","33,715","+/-3,463"
Norway," 33,090 ", - ,, - ,, - ,," 26,546 "," +/-2,300 "," 25,637 "," +/-2,953 "," 26,626 "," +/-3,293 "," 27,022 "," +/-3,027 "," 28,520 "," +/-3,095 ","22,798","  +/-2,501 ","24,982","+/-2,645","22,669","+/-2,629"
Sweden," 49,724 ", - ,, - ,, - ,," 41,329 "," +/-3,181 "," 48,366 "," +/-3,935 "," 47,554 "," +/-4,525 "," 42,726 "," +/-3,406 "," 44,870 "," +/-3,558 ","51,232","  +/-4,101 ","46,335","+/-3,628","48,294","+/-3,717"
Other Northern Europe," 90,670 "," 128,727 "," +/-6,506 "," 122,582 "," +/-5,408 "," 128,840 "," +/-6,754 "," 20,295 "," +/-2,552 "," 25,869 "," +/-3,210 "," 23,520 "," +/-2,679 "," 22,005 "," +/-2,301 "," 27,122 "," +/-2,770 ","25,496","  +/-3,095 ","24,671","+/-2,648","23,458","+/-2,831"
Western Europe," 1,095,847 "," 1,013,494 "," +/-17,013 "," 1,008,989 "," +/-18,638 "," 1,011,362 "," +/-17,066 "," 995,259 "," +/-18,083 "," 961,791 "," +/-17,946 "," 965,507 "," +/-19,963 "," 959,631 "," +/-16,134 "," 959,298 "," +/-16,302 ","959,793","  +/-16,974 ","964,714","+/-16,839","939,383","+/-15,605"
Austria," 63,648 "," 61,012 "," +/-4,168 "," 51,461 "," +/-3,027 "," 52,707 "," +/-3,628 "," 51,866 "," +/-3,840 "," 48,094 "," +/-3,530 "," 48,179 "," +/-3,489 "," 44,824 "," +/-2,575 "," 44,688 "," +/-2,774 ","48,562","  +/-3,488 ","43,401","+/-3,026","44,943","+/-3,247"
Belgium," 33,105 ", - ,, - ,, - ,," 31,896 "," +/-4,010 "," 32,408 "," +/-3,762 "," 26,922 "," +/-2,916 "," 36,041 "," +/-3,125 "," 30,726 "," +/-2,619 ","35,373","  +/-3,266 ","34,232","+/-2,938","35,406","+/-2,958"
France," 151,154 "," 149,481 "," +/-7,495 "," 154,786 "," +/-7,746 "," 157,636 "," +/-8,499 "," 156,379 "," +/-6,814 "," 147,959 "," +/-7,852 "," 160,833 "," +/-7,555 "," 166,215 "," +/-7,858 "," 170,394 "," +/-8,211 ","166,291","  +/-8,228 ","173,561","+/-8,607","175,250","+/-8,058"
Germany," 706,704 "," 635,238 "," +/-12,460 "," 631,990 "," +/-13,655 "," 641,417 "," +/-13,022 "," 622,608 "," +/-13,635 "," 604,616 "," +/-12,966 "," 608,288 "," +/-14,690 "," 592,431 "," +/-12,813 "," 584,184 "," +/-12,817 ","582,727","  +/-12,951 ","585,298","+/-12,124","563,985","+/-12,597"
Netherlands," 94,570 "," 90,114 "," +/-5,000 "," 92,782 "," +/-5,745 "," 85,635 "," +/-5,665 "," 90,594 "," +/-4,965 "," 85,987 "," +/-5,373 "," 80,789 "," +/-4,845 "," 79,554 "," +/-4,894 "," 85,085 "," +/-4,726 ","83,382","  +/-4,663 ","88,580","+/-6,180","79,902","+/-4,632"
Switzerland," 44,445 ", - ,, - ,, - ,," 40,155 "," +/-3,852 "," 40,007 "," +/-3,278 "," 37,516 "," +/-3,899 "," 38,702 "," +/-2,795 "," 41,491 "," +/-3,546 ","41,504","  +/-3,159 ","37,115","+/-3,317","38,144","+/-3,179"
Other Western Europe," 79,771 "," 77,649 "," +/-4,362 "," 77,970 "," +/-5,249 "," 73,967 "," +/-4,489 "," 1,761 ", +/-678 ," 2,720 ", +/-976 ," 2,980 ", +/-970 ," 1,864 ", +/-728 ," 2,730 ", +/-817 ,"1,954",  +/-644 ,"2,527",+/-776,"1,753",+/-784
Southern Europe," 934,665 "," 870,700 "," +/-19,030 "," 863,290 "," +/-17,887 "," 803,806 "," +/-18,713 "," 811,818 "," +/-18,557 "," 779,294 "," +/-15,822 "," 795,215 "," +/-14,584 "," 764,569 "," +/-16,216 "," 783,755 "," +/-15,969 ","775,030","  +/-16,410 ","787,767","+/-16,505","760,352","+/-16,727"
Greece," 165,750 "," 162,203 "," +/-8,006 "," 159,272 "," +/-7,881 "," 148,336 "," +/-8,986 "," 144,173 "," +/-6,875 "," 135,639 "," +/-7,841 "," 138,269 "," +/-8,332 "," 134,956 "," +/-6,364 "," 137,084 "," +/-8,172 ","136,906","  +/-6,852 ","141,325","+/-6,452","135,484","+/-6,952"
Italy," 473,338 "," 419,811 "," +/-10,360 "," 417,511 "," +/-13,080 "," 392,798 "," +/-10,631 "," 375,666 "," +/-11,761 "," 364,972 "," +/-10,044 "," 373,897 "," +/-10,342 "," 354,028 "," +/-10,071 "," 354,305 "," +/-10,091 ","356,831","  +/-10,554 ","352,492","+/-11,766","335,763","+/-10,274"
Portugal," 203,119 "," 192,316 "," +/-11,029 "," 198,119 "," +/-9,269 "," 173,303 "," +/-9,555 "," 203,409 "," +/-9,882 "," 189,333 "," +/-9,105 "," 183,869 "," +/-9,047 "," 179,619 "," +/-8,759 "," 182,473 "," +/-9,120 ","172,922","  +/-9,110 ","176,803","+/-8,390","176,638","+/-7,529"
Spain," 82,858 "," 88,150 "," +/-5,886 "," 79,880 "," +/-4,939 "," 80,858 "," +/-5,413 "," 80,419 "," +/-5,427 "," 83,242 "," +/-5,839 "," 91,285 "," +/-6,846 "," 88,665 "," +/-5,949 "," 102,475 "," +/-5,486 ","103,689","  +/-7,074 ","108,953","+/-6,903","105,975","+/-7,249"
Other Southern Europe," 9,600 "," 8,220 "," +/-1,482 "," 8,508 "," +/-1,795 "," 8,511 "," +/-1,485 "," 8,151 "," +/-1,502 "," 6,108 "," +/-1,462 "," 7,895 "," +/-1,444 "," 7,301 "," +/-1,258 "," 7,418 "," +/-1,560 ","4,682",  +/-914 ,"8,194","+/-2,545","6,492","+/-1,381"
Eastern Europe," 1,906,056 "," 2,144,279 "," +/-32,993 "," 2,166,658 "," +/-30,985 "," 2,187,899 "," +/-30,711 "," 2,132,368 "," +/-34,622 "," 2,143,055 "," +/-32,429 "," 2,171,906 "," +/-38,561 "," 2,146,969 "," +/-28,125 "," 2,096,647 "," +/-32,185 ","2,089,753","  +/-36,539 ","2,097,040","+/-29,599","2,122,951","+/-31,202"
Albania," 39,341 ", - ,, - ,, - ,," 74,191 "," +/-8,486 "," 77,407 "," +/-7,567 "," 86,010 "," +/-8,706 "," 83,746 "," +/-6,304 "," 81,047 "," +/-9,185 ","81,622","  +/-8,152 ","89,744","+/-9,135","93,033","+/-10,800"
Belarus," 38,503 ", - ,, - ,, - ,," 62,183 "," +/-6,179 "," 56,217 "," +/-5,168 "," 56,618 "," +/-6,560 "," 49,823 "," +/-4,653 "," 50,934 "," +/-4,856 ","56,791","  +/-4,394 ","56,958","+/-5,339","62,514","+/-5,034"
Bulgaria," 34,949 ", - ,, - ,, - ,," 53,516 "," +/-6,038 "," 62,684 "," +/-5,998 "," 65,202 "," +/-6,925 "," 64,964 "," +/-5,978 "," 67,941 "," +/-5,481 ","63,318","  +/-4,789 ","67,377","+/-5,183","70,800","+/-6,263"
Croatia," 39,138 "," 44,198 "," +/-4,450 "," 44,416 "," +/-4,858 "," 45,607 "," +/-5,033 "," 44,474 "," +/-4,002 "," 47,740 "," +/-5,086 "," 41,484 "," +/-4,426 "," 45,295 "," +/-4,805 "," 39,026 "," +/-4,200 ","43,067","  +/-4,527 ","36,978","+/-3,546","39,747","+/-3,469"
Czechoslovakia (inc. Czech Republic and Slovakia)," 83,081 "," 77,187 "," +/-5,222 "," 77,670 "," +/-5,871 "," 76,906 "," +/-4,928 "," 67,340 "," +/-5,771 "," 71,755 "," +/-7,055 "," 72,905 "," +/-5,713 "," 66,367 "," +/-4,672 "," 64,354 "," +/-4,412 ","68,928","  +/-4,973 ","66,631","+/-5,112","65,982","+/-4,243"
Hungary," 92,017 "," 84,070 "," +/-5,036 "," 79,047 "," +/-5,947 "," 80,333 "," +/-5,084 "," 77,799 "," +/-4,464 "," 78,368 "," +/-6,067 "," 77,485 "," +/-5,294 "," 69,154 "," +/-3,845 "," 74,213 "," +/-5,284 ","65,845","  +/-4,121 ","70,255","+/-5,330","62,296","+/-3,747"
Latvia," 27,521 ", - ,, - ,, - ,," 26,281 "," +/-3,411 "," 23,218 "," +/-2,896 "," 22,257 "," +/-2,742 "," 24,131 "," +/-2,119 "," 24,497 "," +/-2,936 ","21,097","  +/-2,871 ","21,364","+/-2,476","24,691","+/-2,652"
Lithuania," 27,905 ", - ,, - ,, - ,," 36,160 "," +/-4,182 "," 33,888 "," +/-4,229 "," 36,303 "," +/-4,860 "," 37,158 "," +/-4,154 "," 35,514 "," +/-3,701 ","38,186","  +/-4,647 ","31,458","+/-3,872","33,640","+/-4,415"
Macedonia," 19,397 ", - ,, - ,, - ,," 25,429 "," +/-3,832 "," 26,759 "," +/-4,571 "," 25,981 "," +/-4,154 "," 26,321 "," +/-4,919 "," 20,237 "," +/-3,741 ","28,140","  +/-5,040 ","26,277","+/-4,621","26,171","+/-3,967"
Moldova," 21,701 ", - ,, - ,, - ,," 39,122 "," +/-6,073 "," 33,659 "," +/-5,341 "," 34,152 "," +/-4,109 "," 41,340 "," +/-6,397 "," 34,913 "," +/-3,767 ","41,193","  +/-4,450 ","43,564","+/-5,058","42,403","+/-4,950"
Poland," 466,742 "," 499,702 "," +/-17,246 "," 484,777 "," +/-14,091 "," 478,569 "," +/-16,864 "," 443,173 "," +/-16,259 "," 475,503 "," +/-15,578 "," 461,618 "," +/-16,979 "," 440,312 "," +/-16,126 "," 432,601 "," +/-15,565 ","424,460","  +/-13,795 ","419,332","+/-12,547","424,928","+/-15,467"
Romania," 135,966 "," 156,318 "," +/-9,373 "," 168,867 "," +/-8,814 "," 167,966 "," +/-9,767 "," 178,295 "," +/-10,223 "," 151,767 "," +/-8,789 "," 164,606 "," +/-10,297 "," 165,819 "," +/-8,594 "," 157,302 "," +/-8,328 ","157,315","  +/-9,570 ","159,546","+/-7,917","161,629","+/-7,225"
Russia," 340,177 "," 383,077 "," +/-14,787 "," 403,072 "," +/-13,730 "," 413,370 "," +/-15,189 "," 403,781 "," +/-13,718 "," 383,166 "," +/-12,910 "," 399,216 "," +/-14,941 "," 399,128 "," +/-12,268 "," 390,934 "," +/-13,257 ","390,977","  +/-13,638 ","386,529","+/-13,859","397,236","+/-12,123"
Ukraine," 275,153 "," 314,355 "," +/-13,804 "," 311,011 "," +/-13,062 "," 325,780 "," +/-14,031 "," 320,110 "," +/-14,658 "," 326,493 "," +/-13,533 "," 340,468 "," +/-14,187 "," 342,971 "," +/-10,661 "," 345,187 "," +/-13,038 ","332,145","  +/-13,275 ","345,620","+/-11,934","347,759","+/-11,096"
Bosnia and Herzegovina," 98,766 "," 119,574 "," +/-10,157 "," 124,589 "," +/-11,476 "," 119,163 "," +/-11,291 "," 113,303 "," +/-9,712 "," 125,793 "," +/-10,759 "," 122,529 "," +/-9,785 "," 121,938 "," +/-7,769 "," 112,240 "," +/-7,910 ","111,317","  +/-9,114 ","107,969","+/-9,021","101,638","+/-8,276"
Serbia," 9,576 ", - ,, - ,, - ,, - ,," 30,715 "," +/-3,695 "," 30,758 "," +/-3,629 "," 35,765 "," +/-4,600 "," 36,160 "," +/-3,922 ","33,628","  +/-4,475 ","36,969","+/-4,673","37,654","+/-4,790"
Yugoslavia," 113,987 "," 119,841 "," +/-9,082 "," 103,921 "," +/-8,403 "," 108,954 "," +/-8,352 "," 98,642 "," +/-7,394 "," 97,608 "," +/-7,697 "," 90,296 "," +/-7,892 ", - ,, - ,, - ,, - ,,,
Other Eastern Europe," 261,664 "," 345,957 "," +/-14,032 "," 369,288 "," +/-14,582 "," 371,251 "," +/-15,311 "," 68,569 "," +/-6,122 "," 71,030 "," +/-5,337 "," 74,776 "," +/-5,853 "," 132,737 "," +/-7,119 "," 129,547 "," +/-7,493 ","131,724","  +/-7,422 ","130,469","+/-8,453","130,830","+/-7,258"
"Europe, n.e.c."," 4,370 "," 11,202 "," +/-2,221 "," 11,768 "," +/-2,577 "," 14,649 "," +/-2,421 "," 10,061 "," +/-2,312 "," 9,733 "," +/-1,939 "," 10,375 "," +/-2,359 "," 8,350 "," +/-1,803 "," 10,487 "," +/-1,893 ","9,666","  +/-2,077 ","11,497","+/-2,703","11,709","+/-2,204"
Asia," 8,226,254 "," 10,052,929 "," +/-44,487 "," 10,184,906 "," +/-45,826 "," 10,355,577 "," +/-41,271 "," 10,652,379 "," +/-49,771 "," 11,283,574 "," +/-46,957 "," 11,562,022 "," +/-47,363 "," 11,931,658 "," +/-53,141 "," 12,176,983 "," +/-46,332 ","12,750,422","  +/-47,011 ","13,249,179","+/-52,482","13,461,081","+/-52,769"
Eastern Asia," 2,739,510 "," 3,300,626 "," +/-39,346 "," 3,339,300 "," +/-37,029 "," 3,294,260 "," +/-35,641 "," 3,334,141 "," +/-35,727 "," 3,599,931 "," +/-41,107 "," 3,640,241 "," +/-34,446 "," 3,719,150 "," +/-38,297 "," 3,803,484 "," +/-37,255 ","3,950,698","  +/-35,494 ","4,085,872","+/-43,120","4,130,659","+/-40,972"
"China (inc. mainland China, Hong Kong, and Taiwan)"," 1,518,652 ",,  ,,  ,,  ,,  ,,  ,,  ," 2,292,233 "," +/-33,336 "," 2,383,831 "," +/-32,123 ","2,519,964","  +/-30,659 ","2,676,697","+/-35,859","2,716,548","+/-38,622"
China (exc. Hong Kong and Taiwan)," 988,857 "," 1,334,079 "," +/-23,131 "," 1,363,645 "," +/-26,576 "," 1,360,545 "," +/-24,742 "," 1,432,115 "," +/-27,168 "," 1,608,095 "," +/-29,258 "," 1,650,411 "," +/-27,872 "," 1,710,424 "," +/-30,071 "," 1,804,965 "," +/-27,416 ","1,929,535","  +/-29,231 ","2,065,431","+/-33,869","2,130,352","+/-32,276"
Hong Kong," 203,580 "," 217,237 "," +/-9,612 "," 206,887 "," +/-9,637 "," 210,454 "," +/-10,638 "," 210,273 "," +/-8,799 "," 199,971 "," +/-9,635 "," 215,814 "," +/-8,482 "," 219,231 "," +/-8,393 "," 213,034 "," +/-8,947 ","225,834","  +/-8,887 ","233,373","+/-7,808","212,253","+/-7,327"
Taiwan," 326,215 "," 355,025 "," +/-13,367 "," 359,670 "," +/-13,997 "," 342,444 "," +/-13,109 "," 347,993 "," +/-12,352 "," 358,460 "," +/-12,358 "," 364,934 "," +/-12,933 "," 362,578 "," +/-13,379 "," 365,832 "," +/-12,928 ","364,595","  +/-11,690 ","377,893","+/-12,637","373,943","+/-12,123"
Japan," 347,539 "," 353,576 "," +/-13,582 "," 352,933 "," +/-11,315 "," 333,860 "," +/-10,475 "," 331,090 "," +/-12,241 "," 319,256 "," +/-11,466 "," 318,225 "," +/-11,604 "," 329,499 "," +/-11,114 "," 339,970 "," +/-11,407 ","336,027","  +/-11,215 ","335,767","+/-11,198","355,156","+/-11,346"
Korea," 864,125 "," 1,023,956 "," +/-23,944 "," 1,042,580 "," +/-25,744 "," 1,030,691 "," +/-19,374 "," 1,004,329 "," +/-20,386 "," 1,100,422 "," +/-24,049 "," 1,082,613 "," +/-23,457 "," 1,084,662 "," +/-22,634 "," 1,070,335 "," +/-21,536 ","1,079,784","  +/-22,023 ","1,060,019","+/-20,054","1,041,727","+/-22,876"
Other Eastern Asia," 9,194 "," 16,753 "," +/-3,649 "," 13,585 "," +/-2,746 "," 16,266 "," +/-2,959 "," 8,341 "," +/-2,394 "," 13,727 "," +/-3,164 "," 8,244 "," +/-2,516 "," 12,756 "," +/-3,070 "," 9,348 "," +/-2,158 ","14,923","  +/-3,167 ","13,389","+/-3,024","17,228","+/-3,907"
South Central Asia," 1,745,201 "," 2,430,646 "," +/-42,524 "," 2,470,619 "," +/-36,621 "," 2,611,962 "," +/-35,310 "," 2,713,675 "," +/-37,874 "," 2,863,344 "," +/-32,986 "," 3,009,592 "," +/-35,383 "," 3,183,392 "," +/-40,851 "," 3,285,550 "," +/-38,827 ","3,531,127","  +/-46,283 ","3,797,442","+/-44,695","3,889,485","+/-52,479"
Afghanistan," 45,195 "," 51,935 "," +/-6,236 "," 61,623 "," +/-7,182 "," 60,718 "," +/-8,683 "," 64,768 "," +/-6,783 "," 54,458 "," +/-7,691 "," 65,560 "," +/-7,877 "," 65,633 "," +/-6,108 "," 67,169 "," +/-8,705 ","73,386","  +/-7,801 ","70,653","+/-6,928","94,726","+/-8,748"
Bangladesh," 95,294 "," 135,088 "," +/-11,835 "," 143,619 "," +/-11,435 "," 145,479 "," +/-9,889 "," 151,091 "," +/-11,143 "," 153,691 "," +/-10,391 "," 184,469 "," +/-13,418 "," 187,992 "," +/-11,657 "," 203,179 "," +/-11,946 ","210,190","  +/-12,656 ","228,682","+/-14,479","234,640","+/-12,222"
India," 1,022,552 "," 1,519,157 "," +/-30,262 "," 1,501,782 "," +/-24,911 "," 1,622,522 "," +/-28,015 "," 1,665,219 "," +/-29,656 "," 1,780,322 "," +/-26,091 "," 1,856,777 "," +/-30,635 "," 1,967,998 "," +/-31,113 "," 2,034,677 "," +/-30,780 ","2,205,912","  +/-40,446 ","2,389,639","+/-31,113","2,434,524","+/-36,372"
Iran," 283,226 "," 326,312 "," +/-16,651 "," 326,205 "," +/-14,303 "," 344,935 "," +/-13,237 "," 362,699 "," +/-16,546 "," 356,756 "," +/-13,374 "," 362,371 "," +/-14,680 "," 378,520 "," +/-14,174 "," 363,972 "," +/-14,306 ","365,288","  +/-12,834 ","394,223","+/-14,189","386,073","+/-15,791"
Kazakhstan, - , - ,, - ,, - ,," 25,389 "," +/-3,594 "," 22,401 "," +/-3,232 "," 23,910 "," +/-3,180 "," 24,162 "," +/-3,392 "," 26,334 "," +/-3,080 ","26,527","  +/-3,610 ","29,859","+/-3,389","32,017","+/-3,941"
Nepal," 11,157 ", - ,, - ,, - ,," 45,304 "," +/-5,962 "," 69,458 "," +/-6,596 "," 73,528 "," +/-8,891 "," 85,959 "," +/-7,729 "," 87,456 "," +/-7,024 ","109,624","  +/-8,628 ","120,886","+/-8,823","129,450","+/-11,740"
Pakistan," 223,477 "," 259,282 "," +/-14,003 "," 286,302 "," +/-16,013 "," 282,483 "," +/-13,731 "," 283,988 "," +/-16,609 "," 299,581 "," +/-13,842 "," 303,915 "," +/-14,010 "," 314,331 "," +/-15,044 "," 342,603 "," +/-16,713 ","371,359","  +/-15,639 ","379,435","+/-17,427","382,852","+/-18,371"
Sri Lanka," 25,380 ", - ,, - ,, - ,," 42,329 "," +/-5,159 "," 43,585 "," +/-5,628 "," 45,762 "," +/-5,260 "," 46,411 "," +/-5,367 "," 51,268 "," +/-5,041 ","43,071","  +/-4,684 ","52,971","+/-5,613","55,049","+/-5,278"
Uzbekistan," 22,770 ", - ,, - ,, - ,," 49,950 "," +/-7,157 "," 44,636 "," +/-5,930 "," 51,421 "," +/-6,258 "," 60,438 "," +/-7,043 "," 48,197 "," +/-5,469 ","49,181","  +/-5,907 ","65,375","+/-5,987","62,713","+/-6,559"
Other South Central Asia," 75,457 "," 138,872 "," +/-10,478 "," 151,088 "," +/-10,115 "," 155,825 "," +/-11,086 "," 22,938 "," +/-4,286 "," 38,456 "," +/-4,670 "," 41,879 "," +/-6,541 "," 51,948 "," +/-6,850 "," 60,695 "," +/-6,956 ","76,589","  +/-9,390 ","65,719","+/-7,114","77,441","+/-8,053"
South Eastern Asia," 3,044,288 "," 3,502,387 "," +/-39,473 "," 3,542,850 "," +/-35,831 "," 3,587,682 "," +/-33,340 "," 3,666,823 "," +/-37,683 "," 3,872,963 "," +/-38,425 "," 3,939,341 "," +/-40,701 "," 4,012,201 "," +/-41,124 "," 4,032,035 "," +/-40,676 ","4,153,190","  +/-45,081 ","4,228,958","+/-40,229","4,229,855","+/-41,451"
Cambodia," 136,978 "," 145,215 "," +/-9,099 "," 145,266 "," +/-8,969 "," 145,919 "," +/-10,542 "," 154,545 "," +/-9,505 "," 164,746 "," +/-10,863 "," 160,212 "," +/-9,235 "," 159,666 "," +/-9,931 "," 164,746 "," +/-8,959 ","163,383","  +/-10,021 ","166,268","+/-9,301","152,415","+/-8,951"
Indonesia," 72,552 "," 90,882 "," +/-7,504 "," 84,079 "," +/-6,842 "," 85,850 "," +/-6,920 "," 84,096 "," +/-7,031 "," 99,768 "," +/-7,062 "," 97,244 "," +/-7,583 "," 86,872 "," +/-7,506 "," 94,600 "," +/-7,060 ","94,632","  +/-7,594 ","90,833","+/-7,010","94,453","+/-6,625"
Laos," 204,284 "," 192,110 "," +/-10,420 "," 190,605 "," +/-11,287 "," 189,274 "," +/-9,296 "," 191,780 "," +/-9,841 "," 192,302 "," +/-10,001 "," 183,768 "," +/-9,869 "," 198,149 "," +/-10,383 "," 196,154 "," +/-10,727 ","193,979","  +/-10,089 ","197,016","+/-9,812","183,894","+/-9,023"
Malaysia," 49,459 ", - ,, - ,, - ,," 48,459 "," +/-4,723 "," 65,169 "," +/-4,804 "," 58,268 "," +/-4,775 "," 55,067 "," +/-4,764 "," 68,956 "," +/-5,437 ","70,774","  +/-5,212 ","69,308","+/-5,119","78,459","+/-6,696"
Burma (Myanmar)," 33,905 ", - ,, - ,, - ,," 76,918 "," +/-8,318 "," 82,200 "," +/-7,021 "," 95,726 "," +/-7,388 "," 116,318 "," +/-8,554 "," 116,775 "," +/-10,937 ","128,071","  +/-9,651 ","137,567","+/-10,011","142,494","+/-12,077"
Philippines," 1,369,070 "," 1,638,413 "," +/-30,562 "," 1,701,126 "," +/-27,833 "," 1,684,802 "," +/-28,541 "," 1,725,894 "," +/-29,237 "," 1,777,588 "," +/-26,578 "," 1,813,597 "," +/-34,817 "," 1,868,316 "," +/-28,065 "," 1,843,989 "," +/-28,724 ","1,926,292","  +/-29,330 ","1,982,369","+/-30,007","1,941,665","+/-35,195"
Singapore," 20,801 ", - ,, - ,, - ,," 28,723 "," +/-3,296 "," 26,946 "," +/-2,887 "," 30,608 "," +/-3,366 "," 31,049 "," +/-3,829 "," 31,293 "," +/-2,925 ","30,732","  +/-3,428 ","36,252","+/-3,382","28,940","+/-2,959"
Thailand," 169,801 "," 186,526 "," +/-10,506 "," 195,948 "," +/-9,668 "," 199,075 "," +/-8,633 "," 203,384 "," +/-8,921 "," 222,759 "," +/-9,960 "," 239,942 "," +/-13,087 "," 237,050 "," +/-9,226 "," 233,547 "," +/-12,087 ","252,477","  +/-12,083 ","247,205","+/-10,349","253,585","+/-12,072"
Vietnam," 988,174 "," 1,117,800 "," +/-24,468 "," 1,100,833 "," +/-26,543 "," 1,138,039 "," +/-25,276 "," 1,152,384 "," +/-23,781 "," 1,240,542 "," +/-26,118 "," 1,259,317 "," +/-26,365 "," 1,258,979 "," +/-29,580 "," 1,281,010 "," +/-29,851 ","1,291,807","  +/-26,225 ","1,300,515","+/-27,733","1,352,760","+/-25,820"
Other South Eastern Asia," 53,970 "," 131,441 "," +/-8,798 "," 124,993 "," +/-9,293 "," 144,723 "," +/-11,031 ", 640 , +/-385 , 943 , +/-760 , 659 , +/-400 , 735 , +/-401 , 965 , +/-521 ,"1,043",  +/-500 ,"1,625",+/-673,"1,190",+/-504
Western Asia," 658,603 "," 780,302 "," +/-21,356 "," 790,145 "," +/-17,305 "," 827,265 "," +/-24,974 "," 893,333 "," +/-25,644 "," 904,171 "," +/-25,596 "," 932,135 "," +/-30,251 "," 971,281 "," +/-26,042 "," 1,010,465 "," +/-25,287 ","1,061,647","  +/-28,122 ","1,088,369","+/-22,530","1,163,328","+/-25,080"
Iraq," 89,892 "," 101,878 "," +/-8,702 "," 102,393 "," +/-9,617 "," 100,966 "," +/-10,965 "," 154,220 "," +/-12,495 "," 159,800 "," +/-13,653 "," 170,366 "," +/-13,676 "," 177,028 "," +/-12,188 "," 200,894 "," +/-13,647 ","217,257","  +/-14,486 ","215,193","+/-13,794","221,587","+/-13,792"
Israel," 109,719 "," 135,003 "," +/-7,264 "," 134,438 "," +/-7,231 "," 146,179 "," +/-10,617 "," 140,323 "," +/-8,180 "," 127,896 "," +/-8,454 "," 133,400 "," +/-7,881 "," 138,468 "," +/-8,001 "," 127,079 "," +/-7,851 ","132,730","  +/-7,299 ","129,680","+/-6,876","142,078","+/-8,602"
Jordan," 46,794 ", - ,, - ,, - ,," 60,406 "," +/-5,429 "," 63,615 "," +/-6,881 "," 69,062 "," +/-8,420 "," 58,744 "," +/-5,514 "," 65,618 "," +/-6,078 ","69,719","  +/-7,365 ","81,767","+/-8,063","81,930","+/-6,080"
Kuwait," 21,604 ", - ,, - ,, - ,," 21,467 "," +/-3,493 "," 26,318 "," +/-2,941 "," 24,466 "," +/-3,491 "," 27,347 "," +/-3,763 "," 22,731 "," +/-2,925 ","29,089","  +/-3,876 ","31,781","+/-3,643","36,659","+/-4,303"
Lebanon," 105,910 "," 112,840 "," +/-7,535 "," 124,187 "," +/-8,682 "," 127,737 "," +/-8,519 "," 123,614 "," +/-8,441 "," 121,000 "," +/-7,645 "," 118,395 "," +/-8,646 "," 121,684 "," +/-6,970 "," 124,256 "," +/-7,565 ","119,490","  +/-7,836 ","119,613","+/-8,361","128,608","+/-7,235"
Saudi Arabia," 21,881 ", - ,, - ,, - ,," 43,166 "," +/-5,500 "," 45,016 "," +/-7,199 "," 56,238 "," +/-7,133 "," 69,190 "," +/-6,934 "," 88,894 "," +/-8,788 ","86,682","  +/-8,214 ","96,783","+/-8,403","99,849","+/-9,987"
Syria," 54,561 "," 64,110 "," +/-6,776 "," 54,728 "," +/-5,427 "," 66,077 "," +/-6,893 "," 60,827 "," +/-5,734 "," 59,554 "," +/-5,844 "," 64,697 "," +/-6,812 "," 74,902 "," +/-6,522 "," 78,934 "," +/-9,024 ","85,737","  +/-9,736 ","82,681","+/-6,286","96,694","+/-8,628"
Yemen," 18,258 ", - ,, - ,, - ,," 38,079 "," +/-5,910 "," 40,276 "," +/-6,650 "," 44,096 "," +/-6,084 "," 41,234 "," +/-4,966 "," 40,548 "," +/-5,815 ","44,280","  +/-6,067 ","44,337","+/-6,088","61,680","+/-7,744"
Turkey," 78,378 "," 88,826 "," +/-6,865 "," 93,673 "," +/-7,587 "," 105,225 "," +/-8,152 "," 105,350 "," +/-7,390 "," 106,271 "," +/-7,266 "," 96,760 "," +/-7,101 "," 107,948 "," +/-7,162 "," 109,667 "," +/-6,733 ","109,408","  +/-6,842 ","116,336","+/-8,283","120,745","+/-7,932"
Armenia," 65,280 "," 75,541 "," +/-8,412 "," 75,842 "," +/-8,487 "," 75,726 "," +/-7,771 "," 82,651 "," +/-7,851 "," 89,261 "," +/-8,491 "," 85,150 "," +/-6,806 "," 85,974 "," +/-7,492 "," 79,122 "," +/-6,738 ","86,337","  +/-7,841 ","86,217","+/-6,658","90,946","+/-8,462"
Other Western Asia," 108,069 "," 202,104 "," +/-13,189 "," 204,884 "," +/-10,845 "," 205,355 "," +/-11,632 "," 63,230 "," +/-5,637 "," 65,164 "," +/-6,714 "," 69,505 "," +/-7,348 "," 68,762 "," +/-5,477 "," 72,722 "," +/-6,936 ","80,918","  +/-7,166 ","83,981","+/-7,429","82,552","+/-6,087"
"Asia, n.e.c."," 38,652 "," 38,968 "," +/-5,464 "," 41,992 "," +/-5,481 "," 34,408 "," +/-4,817 "," 44,407 "," +/-6,807 "," 43,165 "," +/-4,416 "," 40,713 "," +/-5,332 "," 45,634 "," +/-4,940 "," 45,449 "," +/-4,488 ","53,760","  +/-5,821 ","48,538","+/-4,922","47,754","+/-5,341"
Africa," 881,300 "," 1,375,676 "," +/-29,935 "," 1,419,317 "," +/-33,778 "," 1,435,996 "," +/-31,982 "," 1,492,785 "," +/-33,747 "," 1,606,914 "," +/-32,680 "," 1,664,414 "," +/-29,863 "," 1,723,895 "," +/-33,353 "," 1,825,326 "," +/-37,011 ","1,931,203","  +/-35,812 ","2,062,257","+/-42,104","2,141,197","+/-36,769"
Eastern Africa," 213,299 "," 360,829 "," +/-15,443 "," 386,225 "," +/-19,357 "," 386,996 "," +/-15,969 "," 423,298 "," +/-21,676 "," 475,832 "," +/-19,579 "," 488,088 "," +/-18,192 "," 509,581 "," +/-17,863 "," 530,019 "," +/-18,606 ","592,060","  +/-18,331 ","612,560","+/-21,605","636,165","+/-19,669"
Eritrea, - , - ,, - ,, - ,," 23,840 "," +/-5,303 "," 29,681 "," +/-4,628 "," 34,876 "," +/-5,981 "," 29,438 "," +/-4,360 "," 33,930 "," +/-6,197 ","36,967","  +/-4,050 ","39,063","+/-5,274","43,010","+/-5,968"
Ethiopia," 69,531 "," 126,748 "," +/-10,628 "," 134,547 "," +/-11,108 "," 137,012 "," +/-9,845 "," 148,221 "," +/-10,848 "," 173,592 "," +/-12,863 "," 162,044 "," +/-10,886 "," 200,503 "," +/-13,552 "," 195,805 "," +/-11,650 ","214,530","  +/-11,301 ","228,745","+/-13,680","244,924","+/-13,145"
Kenya," 41,081 "," 79,111 "," +/-7,323 "," 80,595 "," +/-8,259 "," 83,489 "," +/-7,862 "," 87,267 "," +/-8,088 "," 88,519 "," +/-8,659 "," 102,561 "," +/-9,314 "," 106,727 "," +/-7,699 "," 110,678 "," +/-8,289 ","121,300","  +/-9,391 ","129,905","+/-10,130","129,670","+/-9,527"
Somalia, - , - ,, - ,, - ,, - ,, - ,, - ,, - ,, - ,, - ,,"89,153","+/-7,277","93,020","+/-7,623"
Other Eastern Africa," 143,768 "," 154,970 "," +/-9,435 "," 171,083 "," +/-11,864 "," 166,495 "," +/-9,935 "," 163,970 "," +/-11,349 "," 184,040 "," +/-11,599 "," 188,607 "," +/-10,407 "," 172,913 "," +/-10,552 "," 189,606 "," +/-11,311 ","219,263","  +/-10,790 ","125,694","+/-9,018","125,541","+/-9,596"
Middle Africa," 26,900 "," 54,437 "," +/-6,633 "," 56,056 "," +/-6,827 "," 55,317 "," +/-7,156 "," 65,457 "," +/-7,198 "," 88,711 "," +/-8,629 "," 80,479 "," +/-8,825 "," 84,213 "," +/-7,832 "," 111,880 "," +/-11,127 ","110,588","  +/-10,795 ","128,584","+/-11,508","135,775","+/-12,362"
Cameroon," 12,241 ", - ,, - ,, - ,, - ,," 40,649 "," +/-5,821 "," 40,451 "," +/-6,283 "," 36,679 "," +/-5,155 "," 46,556 "," +/-5,580 ","49,695","  +/-5,752 ","51,172","+/-7,568","49,430","+/-6,311"
Other Middle Africa, - , - ,, - ,, - ,, - ,," 48,062 "," +/-7,220 "," 40,028 "," +/-6,335 "," 47,534 "," +/-5,550 "," 65,324 "," +/-9,244 ","60,893","  +/-7,968 ","77,412","+/-9,776","86,345","+/-9,985"
Northern Africa," 190,491 "," 261,469 "," +/-14,397 "," 274,951 "," +/-13,416 "," 255,942 "," +/-13,054 "," 264,536 "," +/-13,792 "," 280,280 "," +/-13,730 "," 290,234 "," +/-11,699 "," 321,956 "," +/-14,115 "," 321,945 "," +/-15,417 ","322,390","  +/-14,877 ","345,832","+/-15,019","357,574","+/-14,729"
Egypt," 113,396 "," 136,931 "," +/-9,603 "," 136,648 "," +/-9,051 "," 129,970 "," +/-7,764 "," 138,194 "," +/-10,741 "," 137,799 "," +/-10,076 "," 147,515 "," +/-9,626 "," 172,783 "," +/-11,580 "," 176,443 "," +/-10,677 ","172,631","  +/-11,973 ","185,872","+/-11,556","181,677","+/-11,182"
Morocco," 34,703 ", - ,, - ,, - ,," 58,283 "," +/-5,673 "," 63,165 "," +/-6,053 "," 62,812 "," +/-6,048 "," 65,247 "," +/-6,640 "," 63,798 "," +/-6,030 ","74,435","  +/-7,424 ","71,654","+/-5,503","80,384","+/-6,234"
Sudan," 18,137 ", - ,, - ,, - ,," 35,821 "," +/-4,813 "," 44,863 "," +/-5,843 "," 41,552 "," +/-5,398 "," 46,312 "," +/-6,087 "," 41,018 "," +/-5,456 ","33,700","  +/-4,104 ","46,037","+/-6,708","39,346","+/-4,953"
Other Northern Africa," 77,095 "," 124,538 "," +/-9,846 "," 138,303 "," +/-9,547 "," 125,972 "," +/-9,665 "," 32,238 "," +/-3,744 "," 34,453 "," +/-4,527 "," 38,355 "," +/-5,019 "," 37,614 "," +/-3,697 "," 40,686 "," +/-4,683 ","41,624","  +/-4,154 ","42,269","+/-4,655","56,167","+/-6,931"
Southern Africa," 66,496 "," 81,236 "," +/-5,223 "," 81,595 "," +/-6,919 "," 81,698 "," +/-6,200 "," 85,145 "," +/-6,454 "," 79,914 "," +/-5,954 "," 92,443 "," +/-7,346 "," 89,694 "," +/-5,991 "," 98,305 "," +/-5,699 ","98,287","  +/-6,794 ","98,865","+/-6,281","109,420","+/-6,660"
South Africa," 63,558 "," 79,472 "," +/-5,051 "," 78,571 "," +/-6,685 "," 79,585 "," +/-6,200 "," 82,339 "," +/-6,229 "," 77,985 "," +/-5,886 "," 87,699 "," +/-7,025 "," 85,528 "," +/-5,710 "," 95,191 "," +/-5,407 ","92,218","  +/-5,998 ","94,141","+/-5,867","104,889","+/-6,479"
Other Southern Africa," 2,938 "," 1,764 ", +/-641 ," 3,024 "," +/-1,491 "," 2,113 ", +/-943 ," 2,806 ", +/-956 ," 1,929 ", +/-778 ," 4,744 "," +/-1,956 "," 4,166 "," +/-1,518 "," 3,114 "," +/-1,052 ","6,069","  +/-2,446 ","4,724","+/-1,384","4,531","+/-1,381"
Western Africa," 326,507 "," 490,263 "," +/-16,790 "," 505,619 "," +/-18,255 "," 535,192 "," +/-24,209 "," 542,032 "," +/-20,910 "," 573,791 "," +/-19,329 "," 596,352 "," +/-20,706 "," 618,754 "," +/-20,332 "," 647,208 "," +/-23,222 ","688,407","  +/-22,772 ","766,341","+/-24,249","787,894","+/-22,996"
Cabo Verde (aka Cape Verde)," 26,682 ", - ,, - ,, - ,," 32,885 "," +/-4,424 "," 33,460 "," +/-4,437 "," 35,836 "," +/-5,572 "," 33,938 "," +/-4,464 "," 30,744 "," +/-4,452 ","37,145","  +/-4,291 ","43,352","+/-5,264","44,519","+/-4,548"
Ghana," 65,572 "," 103,051 "," +/-9,139 "," 104,842 "," +/-7,842 "," 108,802 "," +/-8,394 "," 108,647 "," +/-8,716 "," 124,696 "," +/-7,499 "," 130,399 "," +/-10,430 "," 129,177 "," +/-9,518 "," 149,377 "," +/-9,545 ","150,305","  +/-9,295 ","155,532","+/-10,846","171,428","+/-11,579"
Liberia," 40,666 "," 64,100 "," +/-6,562 "," 72,125 "," +/-8,397 "," 65,373 "," +/-6,903 "," 72,111 "," +/-9,536 "," 66,089 "," +/-6,717 "," 72,262 "," +/-7,019 "," 73,131 "," +/-6,896 "," 78,909 "," +/-9,051 ","82,154","  +/-8,914 ","79,497","+/-7,804","88,090","+/-9,285"
Nigeria," 134,940 "," 197,489 "," +/-11,721 "," 185,787 "," +/-11,722 "," 206,604 "," +/-13,728 "," 209,908 "," +/-12,856 "," 219,309 "," +/-13,471 "," 226,849 "," +/-14,178 "," 238,796 "," +/-13,660 "," 234,465 "," +/-11,954 ","264,399","  +/-12,340 ","323,635","+/-18,271","306,874","+/-14,067"
Sierra Leone," 20,831 ", - ,, - ,, - ,," 32,467 "," +/-4,767 "," 34,935 "," +/-5,020 "," 33,066 "," +/-4,316 "," 38,564 "," +/-4,931 "," 37,559 "," +/-5,363 ","41,171","  +/-5,300 ","42,065","+/-5,812","38,101","+/-4,872"
Other Western Africa," 105,164 "," 125,623 "," +/-8,501 "," 142,865 "," +/-9,149 "," 154,413 "," +/-12,580 "," 86,014 "," +/-6,908 "," 95,302 "," +/-10,250 "," 97,940 "," +/-8,827 "," 105,148 "," +/-7,848 "," 116,154 "," +/-10,377 ","113,233","  +/-8,950 ","122,260","+/-9,856","138,882","+/-10,202"
"Africa, n.e.c."," 57,607 "," 127,442 "," +/-10,228 "," 114,871 "," +/-8,228 "," 120,851 "," +/-8,841 "," 112,317 "," +/-8,398 "," 108,386 "," +/-9,756 "," 116,818 "," +/-10,284 "," 99,697 "," +/-7,833 "," 115,969 "," +/-10,763 ","119,471","  +/-9,684 ","110,075","+/-9,089","114,369","+/-10,122"
Oceania," 168,046 "," 181,987 "," +/-9,350 "," 216,701 "," +/-11,348 "," 222,994 "," +/-10,689 "," 206,795 "," +/-10,045 "," 216,736 "," +/-10,114 "," 221,211 "," +/-9,403 "," 239,861 "," +/-9,226 "," 222,390 "," +/-9,893 ","241,200","  +/-8,901 ","238,663","+/-9,099","265,863","+/-9,684"
Australia and New Zealand Subregion," 83,837 "," 92,853 "," +/-5,096 "," 103,860 "," +/-6,275 "," 103,478 "," +/-7,012 "," 99,784 "," +/-5,386 "," 103,301 "," +/-5,961 "," 96,665 "," +/-6,135 "," 115,765 "," +/-6,180 "," 107,647 "," +/-6,553 ","114,744","  +/-5,982 ","113,277","+/-6,339","124,233","+/-6,417"
Australia," 60,965 "," 65,886 "," +/-3,843 "," 70,889 "," +/-5,186 "," 76,129 "," +/-6,274 "," 70,842 "," +/-4,907 "," 71,535 "," +/-5,246 "," 68,517 "," +/-5,269 "," 84,534 "," +/-4,926 "," 78,797 "," +/-5,372 ","84,368","  +/-4,780 ","83,573","+/-5,527","93,179","+/-5,453"
Other Australian and New Zealand Subregion," 22,872 "," 26,967 "," +/-3,179 "," 32,971 "," +/-3,600 "," 27,349 "," +/-2,916 "," 28,942 "," +/-2,729 "," 31,766 "," +/-3,616 "," 28,148 "," +/-3,524 "," 31,231 "," +/-3,397 "," 28,850 "," +/-3,234 ","30,376","  +/-3,107 ","29,704","+/-2,990","31,054","+/-3,148"
Fiji, - , - ,, - ,, - ,," 36,954 "," +/-5,062 "," 39,277 "," +/-5,329 "," 40,897 "," +/-5,821 "," 39,966 "," +/-5,321 "," 38,782 "," +/-4,312 ","43,309","  +/-4,390 ","41,936","+/-4,822","43,406","+/-5,546"
"Oceania, n.e.c.", 241 ," 89,134 "," +/-6,763 "," 112,841 "," +/-9,183 "," 119,516 "," +/-8,482 "," 70,057 "," +/-6,396 "," 74,158 "," +/-6,390 "," 83,649 "," +/-7,433 "," 84,130 "," +/-5,926 "," 75,961 "," +/-6,505 ","83,147","  +/-7,787 ","83,450","+/-6,289","98,224","+/-8,647"
Americas," 16,916,416 "," 20,943,588 "," +/-93,415 "," 21,248,337 "," +/-92,753 "," 20,977,116 "," +/-98,480 "," 21,277,924 "," +/-89,089 "," 22,031,012 "," +/-88,870 "," 22,040,123 "," +/-101,353 "," 22,119,747 "," +/-77,212 "," 22,320,187 "," +/-94,318 ","22,703,058","  +/-99,508 ","22,949,885","+/-88,765","23,085,493","+/-97,402"
Latin America," 16,086,974 "," 20,088,292 "," +/-89,211 "," 20,409,676 "," +/-89,137 "," 20,150,245 "," +/-95,704 "," 20,455,547 "," +/-88,480 "," 21,224,087 "," +/-89,776 "," 21,245,344 "," +/-98,650 "," 21,311,457 "," +/-78,036 "," 21,473,266 "," +/-91,953 ","21,890,416","  +/-100,118 ","22,111,409","+/-88,225","22,294,730","+/-99,070"
Caribbean," 2,953,066 "," 3,355,737 "," +/-40,398 "," 3,387,004 "," +/-43,490 "," 3,407,909 "," +/-39,304 "," 3,465,890 "," +/-44,270 "," 3,730,644 "," +/-41,793 "," 3,776,783 "," +/-43,014 "," 3,873,113 "," +/-36,016 "," 3,953,655 "," +/-44,699 ","4,000,114","  +/-42,844 ","4,165,453","+/-49,473","4,286,266","+/-45,686"
Bahamas," 28,273 ", - ,, - ,, - ,," 30,301 "," +/-3,957 "," 31,602 "," +/-3,916 "," 34,319 "," +/-4,458 "," 31,903 "," +/-4,430 "," 31,403 "," +/-3,640 ","31,812","  +/-3,642 ","34,796","+/-3,735","33,163","+/-3,928"
Barbados," 52,172 "," 55,113 "," +/-5,974 "," 55,693 "," +/-5,351 "," 49,265 "," +/-4,348 "," 49,567 "," +/-4,471 "," 52,829 "," +/-4,690 "," 49,922 "," +/-4,499 "," 51,849 "," +/-4,542 "," 52,499 "," +/-4,383 ","51,378","  +/-4,171 ","51,739","+/-4,829","54,374","+/-4,570"
Cuba," 872,716 "," 935,865 "," +/-20,531 "," 983,454 "," +/-23,678 "," 974,657 "," +/-22,134 "," 991,385 "," +/-20,322 "," 1,104,679 "," +/-27,222 "," 1,094,811 "," +/-24,616 "," 1,113,901 "," +/-24,725 "," 1,144,024 "," +/-24,153 ","1,172,899","  +/-23,038 ","1,210,674","+/-23,840","1,271,618","+/-25,157"
Dominica," 17,163 ", - ,, - ,, - ,," 32,717 "," +/-5,234 "," 28,540 "," +/-3,493 "," 30,369 "," +/-4,333 "," 23,436 "," +/-3,377 "," 31,222 "," +/-4,056 ","28,163","  +/-3,640 ","32,370","+/-4,110","31,220","+/-4,082"
Dominican Republic," 687,677 "," 766,570 "," +/-22,399 "," 755,539 "," +/-21,018 "," 771,910 "," +/-20,977 "," 793,285 "," +/-22,415 "," 879,187 "," +/-23,782 "," 897,263 "," +/-22,048 "," 957,376 "," +/-20,743 "," 991,046 "," +/-27,975 ","997,734","  +/-23,066 ","1,063,239","+/-28,770","1,085,321","+/-24,429"
Grenada," 29,986 ", - ,, - ,, - ,," 34,145 "," +/-4,612 "," 29,110 "," +/-3,314 "," 28,437 "," +/-3,924 "," 35,271 "," +/-4,309 "," 32,820 "," +/-3,790 ","34,184","  +/-4,133 ","29,982","+/-3,185","36,056","+/-4,157"
Haiti," 419,317 "," 509,875 "," +/-19,853 "," 530,897 "," +/-18,376 "," 534,969 "," +/-20,829 "," 538,582 "," +/-20,162 "," 587,149 "," +/-21,453 "," 592,260 "," +/-20,557 "," 606,365 "," +/-18,445 "," 593,980 "," +/-18,979 ","628,003","  +/-22,589 ","675,546","+/-22,289","668,223","+/-21,567"
Jamaica," 553,827 "," 631,374 "," +/-17,863 "," 597,940 "," +/-19,644 "," 636,589 "," +/-19,748 "," 651,177 "," +/-20,124 "," 659,771 "," +/-20,393 "," 696,990 "," +/-19,255 "," 680,845 "," +/-19,691 "," 714,743 "," +/-20,801 ","705,804","  +/-19,737 ","711,134","+/-19,231","736,303","+/-20,723"
St. Vincent and the Grenadines," 21,540 ", - ,, - ,, - ,," 18,343 "," +/-3,189 "," 23,088 "," +/-3,645 "," 22,061 "," +/-2,973 "," 23,218 "," +/-3,022 "," 23,868 "," +/-4,566 ","23,075","  +/-3,280 ","22,950","+/-2,820","19,897","+/-3,167"
Trinidad and Tobago," 197,398 "," 231,515 "," +/-13,428 "," 225,528 "," +/-11,607 "," 225,242 "," +/-12,007 "," 221,067 "," +/-12,419 "," 229,926 "," +/-11,017 "," 225,115 "," +/-12,270 "," 239,536 "," +/-9,830 "," 232,026 "," +/-10,271 ","220,234","  +/-10,206 ","227,295","+/-8,816","242,661","+/-10,539"
West Indies, - , - ,, - ,, - ,," 33,723 "," +/-4,078 "," 31,781 "," +/-4,446 "," 32,100 "," +/-3,881 "," 30,260 "," +/-4,522 "," 31,055 "," +/-3,864 ","25,804","  +/-3,659 ","33,011","+/-4,485","28,044","+/-4,553"
Other Caribbean," 169,959 "," 225,425 "," +/-9,862 "," 237,953 "," +/-11,220 "," 215,277 "," +/-12,164 "," 71,598 "," +/-6,282 "," 72,982 "," +/-6,234 "," 73,136 "," +/-6,370 "," 79,153 "," +/-6,321 "," 74,969 "," +/-5,516 ","81,024","  +/-6,336 ","72,717","+/-6,064","79,386","+/-5,751"
Central America," 11,203,637 "," 14,190,041 "," +/-88,129 "," 14,450,476 "," +/-86,599 "," 14,175,411 "," +/-84,040 "," 14,393,833 "," +/-82,906 "," 14,763,612 "," +/-90,254 "," 14,758,017 "," +/-93,222 "," 14,710,961 "," +/-77,754 "," 14,751,230 "," +/-87,884 ","15,034,607","  +/-89,601 ","15,027,927","+/-80,951","15,028,973","+/-94,337"
Mexico," 9,177,487 "," 11,541,404 "," +/-84,625 "," 11,738,537 "," +/-86,128 "," 11,412,668 "," +/-80,697 "," 11,478,413 "," +/-81,274 "," 11,711,103 "," +/-83,028 "," 11,672,619 "," +/-79,997 "," 11,563,374 "," +/-71,644 "," 11,584,977 "," +/-77,500 ","11,714,489","  +/-83,465 ","11,643,298","+/-77,644","11,573,680","+/-80,848"
Belize, - , - ,, - ,, - ,," 48,567 "," +/-5,700 "," 47,197 "," +/-5,054 "," 45,556 "," +/-4,993 "," 47,437 "," +/-6,181 "," 50,296 "," +/-5,095 ","48,368","  +/-4,811 ","48,811","+/-5,371","48,918","+/-5,703"
Costa Rica," 71,870 "," 81,342 "," +/-7,288 "," 85,605 "," +/-7,620 "," 81,038 "," +/-6,277 "," 86,343 "," +/-7,301 "," 81,933 "," +/-7,612 "," 78,111 "," +/-6,366 "," 76,678 "," +/-7,217 "," 78,659 "," +/-5,412 ","83,337","  +/-7,100 ","90,109","+/-5,646","85,133","+/-6,972"
El Salvador," 817,336 "," 1,047,124 "," +/-28,944 "," 1,104,390 "," +/-27,009 "," 1,094,993 "," +/-26,337 "," 1,149,895 "," +/-27,019 "," 1,214,049 "," +/-34,387 "," 1,264,743 "," +/-31,223 "," 1,271,859 "," +/-31,691 "," 1,252,067 "," +/-29,778 ","1,315,474","  +/-30,106 ","1,352,357","+/-31,379","1,387,022","+/-32,927"
Guatemala," 480,665 "," 720,901 "," +/-21,651 "," 700,567 "," +/-25,259 "," 739,254 "," +/-23,019 "," 798,682 "," +/-26,360 "," 830,824 "," +/-28,813 "," 850,882 "," +/-27,380 "," 858,530 "," +/-28,590 "," 902,293 "," +/-25,423 ","915,595","  +/-24,219 ","927,593","+/-23,812","935,707","+/-29,163"
Honduras," 282,852 "," 405,258 "," +/-18,333 "," 430,504 "," +/-19,742 "," 460,197 "," +/-17,563 "," 467,943 "," +/-17,687 "," 522,581 "," +/-23,846 "," 490,636 "," +/-18,543 "," 521,682 "," +/-21,390 "," 533,598 "," +/-19,165 ","588,301","  +/-20,515 ","599,030","+/-25,695","651,059","+/-22,759"
Nicaragua," 220,335 "," 235,734 "," +/-12,167 "," 230,902 "," +/-13,282 "," 238,224 "," +/-13,258 "," 253,250 "," +/-14,552 "," 247,593 "," +/-15,419 "," 241,649 "," +/-14,085 "," 258,400 "," +/-13,947 "," 240,619 "," +/-12,060 ","255,233","  +/-11,343 ","256,171","+/-12,391","243,024","+/-12,289"
Panama," 105,177 "," 95,684 "," +/-7,098 "," 102,158 "," +/-6,768 "," 96,128 "," +/-7,177 "," 103,774 "," +/-8,320 "," 99,419 "," +/-5,967 "," 103,689 "," +/-7,598 "," 103,269 "," +/-6,119 "," 101,024 "," +/-6,168 ","107,299","  +/-7,509 ","103,625","+/-5,810","94,958","+/-6,284"
Other Central America," 47,915 "," 62,594 "," +/-7,111 "," 57,813 "," +/-7,042 "," 52,909 "," +/-5,546 "," 6,966 "," +/-2,068 "," 8,913 "," +/-2,528 "," 10,132 "," +/-3,833 "," 9,732 "," +/-3,111 "," 7,697 "," +/-2,321 ","6,511","  +/-1,882 ","6,933","+/-1,586","9,472","+/-1,964"
South America," 1,930,271 "," 2,542,514 "," +/-41,414 "," 2,572,196 "," +/-34,535 "," 2,566,925 "," +/-40,220 "," 2,595,824 "," +/-37,822 "," 2,729,831 "," +/-42,165 "," 2,710,544 "," +/-47,996 "," 2,727,383 "," +/-39,221 "," 2,768,381 "," +/-39,363 ","2,855,695","  +/-41,092 ","2,918,029","+/-40,362","2,979,491","+/-41,161"
Argentina," 125,218 "," 165,850 "," +/-10,197 "," 172,736 "," +/-8,710 "," 160,218 "," +/-10,303 "," 163,791 "," +/-8,568 "," 171,534 "," +/-10,446 "," 162,875 "," +/-11,016 "," 176,094 "," +/-8,283 "," 170,086 "," +/-10,630 ","184,956","  +/-10,805 ","181,233","+/-9,339","189,126","+/-13,095"
Bolivia," 53,278 "," 73,394 "," +/-7,827 "," 70,219 "," +/-7,379 "," 71,491 "," +/-7,697 "," 74,024 "," +/-7,711 "," 78,900 "," +/-8,397 "," 76,626 "," +/-7,897 "," 71,850 "," +/-6,984 "," 79,924 "," +/-6,661 ","80,650","  +/-9,330 ","78,093","+/-6,898","79,461","+/-7,240"
Brazil," 212,428 "," 342,555 "," +/-16,079 "," 338,853 "," +/-13,953 "," 332,632 "," +/-17,448 "," 359,149 "," +/-14,692 "," 339,613 "," +/-15,262 "," 329,861 "," +/-16,884 "," 325,547 "," +/-12,361 "," 337,040 "," +/-14,135 ","335,608","  +/-13,485 ","361,374","+/-15,675","409,595","+/-16,336"
Chile," 80,804 "," 89,060 "," +/-6,003 "," 85,057 "," +/-7,530 "," 91,590 "," +/-9,043 "," 87,607 "," +/-6,205 "," 91,172 "," +/-6,799 "," 97,337 "," +/-7,812 "," 88,290 "," +/-6,424 "," 97,585 "," +/-6,941 ","94,089","  +/-7,736 ","95,104","+/-6,986","93,647","+/-6,244"
Colombia," 509,872 "," 592,436 "," +/-19,266 "," 604,527 "," +/-21,707 "," 600,226 "," +/-20,028 "," 609,845 "," +/-20,117 "," 636,555 "," +/-18,715 "," 658,667 "," +/-25,756 "," 677,068 "," +/-21,121 "," 677,231 "," +/-17,383 ","706,826","  +/-21,775 ","699,399","+/-20,772","704,587","+/-19,852"
Ecuador," 298,626 "," 384,677 "," +/-16,123 "," 406,907 "," +/-14,784 "," 412,676 "," +/-17,768 "," 411,826 "," +/-16,965 "," 443,173 "," +/-20,175 "," 435,476 "," +/-21,947 "," 420,910 "," +/-16,718 "," 427,906 "," +/-18,423 ","423,576","  +/-19,680 ","441,257","+/-19,017","439,123","+/-18,116"
Guyana," 211,189 "," 250,178 "," +/-13,493 "," 242,667 "," +/-13,144 "," 258,096 "," +/-13,248 "," 245,596 "," +/-13,063 "," 265,271 "," +/-12,547 "," 259,036 "," +/-12,071 "," 260,268 "," +/-12,019 "," 259,815 "," +/-13,449 ","273,019","  +/-11,059 ","281,408","+/-12,349","266,368","+/-11,790"
Peru," 278,186 "," 382,153 "," +/-14,424 "," 401,129 "," +/-17,299 "," 384,923 "," +/-20,307 "," 406,910 "," +/-18,297 "," 428,547 "," +/-17,594 "," 411,829 "," +/-18,237 "," 426,263 "," +/-17,488 "," 440,292 "," +/-17,826 ","448,750","  +/-18,016 ","445,921","+/-17,981","427,445","+/-17,551"
Uruguay," 24,176 "," 49,517 "," +/-5,939 "," 50,578 "," +/-6,279 "," 46,855 "," +/-5,493 "," 42,695 "," +/-5,553 "," 50,176 "," +/-6,086 "," 44,544 "," +/-5,779 "," 45,065 "," +/-5,013 "," 43,541 "," +/-5,187 ","52,516","  +/-5,686 ","43,971","+/-5,051","42,181","+/-4,762"
Venezuela," 107,031 "," 162,524 "," +/-10,153 "," 155,492 "," +/-9,118 "," 168,592 "," +/-10,090 "," 157,819 "," +/-9,561 "," 184,039 "," +/-10,634 "," 189,219 "," +/-13,236 "," 194,287 "," +/-10,441 "," 197,724 "," +/-10,858 ","216,187","  +/-10,863 ","255,520","+/-13,320","290,224","+/-17,556"
Other South America," 53,639 "," 50,170 "," +/-5,662 "," 44,031 "," +/-4,201 "," 39,626 "," +/-4,204 "," 36,562 "," +/-4,403 "," 40,851 "," +/-4,925 "," 45,074 "," +/-6,089 "," 41,741 "," +/-4,416 "," 37,237 "," +/-4,249 ","39,518","  +/-4,812 ","34,749","+/-3,674","37,734","+/-4,861"
Northern America," 829,442 "," 855,296 "," +/-17,024 "," 838,661 "," +/-17,228 "," 826,871 "," +/-15,928 "," 822,377 "," +/-14,460 "," 806,925 "," +/-15,810 "," 794,779 "," +/-17,534 "," 808,290 "," +/-12,461 "," 846,921 "," +/-15,154 ","812,642","  +/-16,786 ","838,476","+/-17,172","790,763","+/-14,624"
Canada," 820,771 "," 846,913 "," +/-16,810 "," 830,388 "," +/-17,056 "," 818,920 "," +/-16,572 "," 814,965 "," +/-14,617 "," 798,649 "," +/-15,695 "," 786,317 "," +/-17,708 "," 800,985 "," +/-12,188 "," 840,192 "," +/-15,151 ","806,387","  +/-16,510 ","830,628","+/-17,129","783,206","+/-14,665"
Other Northern America," 8,671 "," 8,383 "," +/-1,570 "," 8,273 "," +/-1,981 "," 7,951 "," +/-2,162 "," 7,412 "," +/-1,549 "," 8,276 "," +/-2,660 "," 8,462 "," +/-2,163 "," 7,305 "," +/-1,776 "," 6,729 "," +/-1,929 ","6,255","  +/-1,181 ","7,848","+/-1,589","7,557","+/-1,539"
Born at sea, 316 , - ,, - ,, - ,, - ,, - ,, - ,, - ,, - ,, - ,, - ,, - ,
,,,,,,,,,,,,,,,,,,,,,,,
,,,,,,,,,,,,,,,,,,,,,,,
,,,,,,,,,,,,,,,,,,,,,,,
,,,,,,,,,,,,,,,,,,,,,,,
,,,,,,,,,,,,,,,,,,,,,,,
,,,,,,,,,,,,,,,,,,,,,,,
,,,,,,,,,,,,,,,,,,,,,,,
,,,,,,,,,,,,,,,,,,,,,,,
,,,,,,,,,,,,,,,,,,,,,,,
,,,,,,,,,,,,,,,,,,,,,,,
,,,,,,,,,,,,,,,,,,,,,,,
,,,,,,,,,,,,,,,,,,,,,,,
,,,,,,,,,,,,,,,,,,,,,,,
,,,,,,,,,,,,,,,,,,,,,,,